Date,Open,High,Low,Close,Adj Close,Volume
2013-08-02,11.520000,11.680000,11.240000,11.480000,11.480000,145000
2013-08-05,11.640000,11.680000,11.160000,11.360000,11.360000,68400
2013-08-06,11.360000,11.680000,10.920000,11.440000,11.440000,56900
2013-08-07,11.400000,11.640000,11.240000,11.400000,11.400000,45300
2013-08-08,11.520000,11.920000,11.480000,11.760000,11.760000,66700
2013-08-09,11.800000,11.880000,11.560000,11.800000,11.800000,52500
2013-08-12,11.840000,12.560000,11.800000,12.080000,12.080000,117200
2013-08-13,12.120000,12.400000,12.080000,12.200000,12.200000,84600
2013-08-14,12.200000,12.600000,12.200000,12.360000,12.360000,89400
2013-08-15,12.200000,12.560000,11.960000,12.040000,12.040000,59300
2013-08-16,11.960000,12.440000,11.960000,12.120000,12.120000,22400
2013-08-19,11.960000,12.240000,11.520000,11.640000,11.640000,67400
2013-08-20,11.760000,12.200000,11.640000,12.080000,12.080000,28000
2013-08-21,12.000000,12.200000,11.840000,12.040000,12.040000,34000
2013-08-22,12.040000,12.280000,12.000000,12.160000,12.160000,19000
2013-08-23,12.320000,12.320000,12.080000,12.200000,12.200000,35000
2013-08-26,12.280000,12.280000,12.000000,12.120000,12.120000,74400
2013-08-27,12.000000,12.080000,11.280000,11.480000,11.480000,65100
2013-08-28,11.520000,11.720000,11.320000,11.560000,11.560000,27500
2013-08-29,11.560000,12.400000,11.560000,12.360000,12.360000,43200
2013-08-30,12.360000,12.360000,11.560000,11.880000,11.880000,52100
2013-09-03,12.080000,12.200000,11.480000,12.160000,12.160000,37900
2013-09-04,12.160000,12.320000,12.000000,12.280000,12.280000,40800
2013-09-05,12.400000,12.400000,12.200000,12.240000,12.240000,15400
2013-09-06,12.280000,12.600000,11.960000,12.320000,12.320000,92000
2013-09-09,12.320000,12.480000,12.000000,12.440000,12.440000,60900
2013-09-10,12.440000,12.560000,12.000000,12.520000,12.520000,77000
2013-09-11,12.520000,13.200000,12.400000,13.040000,13.040000,96000
2013-09-12,13.080000,13.200000,12.640000,12.960000,12.960000,36300
2013-09-13,13.080000,13.160000,13.000000,13.160000,13.160000,40000
2013-09-16,13.200000,13.640000,12.840000,13.360000,13.360000,171600
2013-09-17,13.360000,14.600000,13.320000,14.280000,14.280000,152000
2013-09-18,14.280000,14.560000,13.640000,13.880000,13.880000,72000
2013-09-19,14.000000,14.000000,13.640000,13.760000,13.760000,27100
2013-09-20,13.720000,13.720000,12.960000,13.440000,13.440000,93100
2013-09-23,13.360000,13.440000,12.920000,13.240000,13.240000,39300
2013-09-24,13.200000,13.320000,12.880000,13.160000,13.160000,53500
2013-09-25,13.160000,13.680000,13.040000,13.400000,13.400000,28800
2013-09-26,13.480000,14.200000,13.240000,13.440000,13.440000,29900
2013-09-27,13.320000,13.720000,13.280000,13.360000,13.360000,20000
2013-09-30,13.280000,13.680000,13.080000,13.400000,13.400000,46500
2013-10-01,13.480000,13.840000,13.120000,13.440000,13.440000,48600
2013-10-02,13.320000,13.440000,13.200000,13.320000,13.320000,39300
2013-10-03,13.440000,13.560000,13.160000,13.480000,13.480000,50000
2013-10-04,13.640000,14.160000,13.440000,13.800000,13.800000,85800
2013-10-07,13.680000,14.080000,13.680000,13.800000,13.800000,23200
2013-10-08,13.800000,13.800000,13.240000,13.440000,13.440000,36600
2013-10-09,13.400000,13.800000,13.240000,13.720000,13.720000,48400
2013-10-10,13.880000,14.080000,13.760000,13.920000,13.920000,31700
2013-10-11,13.960000,14.000000,13.720000,13.880000,13.880000,27300
2013-10-14,13.720000,14.080000,13.720000,14.040000,14.040000,31300
2013-10-15,13.960000,14.080000,13.600000,13.720000,13.720000,22000
2013-10-16,13.880000,14.040000,13.640000,13.760000,13.760000,17100
2013-10-17,13.680000,14.360000,13.680000,14.280000,14.280000,56700
2013-10-18,14.360000,14.400000,14.200000,14.280000,14.280000,46300
2013-10-21,14.320000,14.680000,14.320000,14.520000,14.520000,51800
2013-10-22,14.600000,14.920000,14.600000,14.680000,14.680000,61900
2013-10-23,14.640000,14.720000,14.400000,14.520000,14.520000,26800
2013-10-24,14.600000,14.640000,14.360000,14.600000,14.600000,16200
2013-10-25,14.640000,14.640000,14.120000,14.160000,14.160000,39500
2013-10-28,14.200000,14.200000,13.760000,14.000000,14.000000,39700
2013-10-29,14.000000,14.280000,13.880000,14.280000,14.280000,53200
2013-10-30,14.320000,14.320000,13.800000,13.920000,13.920000,25000
2013-10-31,13.880000,14.400000,13.600000,14.360000,14.360000,58700
2013-11-01,14.280000,14.280000,13.520000,13.760000,13.760000,65200
2013-11-04,13.720000,14.240000,13.640000,14.000000,14.000000,34000
2013-11-05,13.960000,14.000000,13.520000,13.600000,13.600000,21700
2013-11-06,13.640000,13.960000,13.400000,13.800000,13.800000,40900
2013-11-07,15.000000,19.600000,15.000000,16.440001,16.440001,397300
2013-11-08,16.160000,16.400000,15.080000,16.240000,16.240000,103500
2013-11-11,16.160000,16.440001,15.720000,15.960000,15.960000,92600
2013-11-12,15.800000,16.000000,15.400000,15.560000,15.560000,59900
2013-11-13,15.440000,16.400000,15.360000,16.400000,16.400000,156500
2013-11-14,16.280001,16.280001,15.440000,15.800000,15.800000,102800
2013-11-15,15.680000,15.760000,15.200000,15.440000,15.440000,54100
2013-11-18,15.560000,15.920000,14.920000,15.000000,15.000000,54300
2013-11-19,14.960000,15.840000,14.440000,15.400000,15.400000,72900
2013-11-20,15.600000,15.880000,15.240000,15.640000,15.640000,58500
2013-11-21,15.640000,16.200001,15.560000,16.120001,16.120001,118500
2013-11-22,16.000000,16.200001,15.680000,16.000000,16.000000,64000
2013-11-25,15.920000,16.120001,15.720000,15.880000,15.880000,25100
2013-11-26,15.840000,16.000000,15.760000,16.000000,16.000000,39500
2013-11-27,15.960000,16.639999,15.960000,16.600000,16.600000,258000
2013-11-29,16.799999,16.799999,16.600000,16.680000,16.680000,37000
2013-12-02,16.799999,16.799999,16.080000,16.240000,16.240000,81000
2013-12-03,16.200001,16.400000,16.080000,16.120001,16.120001,37800
2013-12-04,16.120001,16.520000,16.080000,16.360001,16.360001,53500
2013-12-05,16.400000,16.480000,16.080000,16.200001,16.200001,33300
2013-12-06,16.280001,16.280001,16.160000,16.240000,16.240000,49000
2013-12-09,16.200001,16.280001,16.040001,16.120001,16.120001,22300
2013-12-10,16.040001,16.280001,15.680000,15.760000,15.760000,60500
2013-12-11,15.720000,16.000000,15.000000,15.400000,15.400000,76700
2013-12-12,15.400000,15.880000,15.320000,15.640000,15.640000,45800
2013-12-13,15.600000,15.760000,15.520000,15.600000,15.600000,45900
2013-12-16,15.600000,15.760000,15.560000,15.600000,15.600000,33900
2013-12-17,15.640000,15.840000,15.320000,15.520000,15.520000,37700
2013-12-18,15.480000,15.560000,15.200000,15.560000,15.560000,42200
2013-12-19,15.600000,15.760000,15.440000,15.560000,15.560000,50700
2013-12-20,15.640000,16.280001,15.480000,15.960000,15.960000,91400
2013-12-23,16.000000,16.280001,16.000000,16.120001,16.120001,22800
2013-12-24,16.040001,16.280001,15.960000,16.240000,16.240000,22700
2013-12-26,16.240000,16.240000,15.960000,16.120001,16.120001,22300
2013-12-27,16.200001,16.280001,15.920000,16.040001,16.040001,19900
2013-12-30,15.960000,16.280001,15.800000,16.240000,16.240000,60900
2013-12-31,16.240000,16.280001,15.960000,16.200001,16.200001,46000
2014-01-02,16.200001,16.240000,15.640000,15.640000,15.640000,37000
2014-01-03,15.840000,15.960000,15.200000,15.400000,15.400000,62500
2014-01-06,15.400000,15.640000,15.000000,15.160000,15.160000,36300
2014-01-07,15.160000,15.360000,15.000000,15.200000,15.200000,26200
2014-01-08,15.040000,15.200000,14.600000,15.040000,15.040000,29300
2014-01-09,15.080000,15.240000,14.920000,15.200000,15.200000,42000
2014-01-10,14.920000,14.920000,14.040000,14.400000,14.400000,132500
2014-01-13,14.240000,14.280000,13.240000,13.440000,13.440000,96400
2014-01-14,13.440000,14.000000,13.200000,13.920000,13.920000,43900
2014-01-15,13.840000,14.360000,13.720000,14.160000,14.160000,28400
2014-01-16,14.200000,14.200000,13.800000,14.120000,14.120000,30100
2014-01-17,14.160000,14.280000,13.440000,13.600000,13.600000,45600
2014-01-21,13.600000,13.800000,13.200000,13.480000,13.480000,32300
2014-01-22,13.560000,13.960000,13.560000,13.920000,13.920000,22200
2014-01-23,13.920000,14.000000,13.680000,13.920000,13.920000,27400
2014-01-24,13.800000,14.040000,13.480000,13.640000,13.640000,30000
2014-01-27,13.760000,13.760000,13.160000,13.240000,13.240000,23100
2014-01-28,13.200000,13.880000,13.200000,13.640000,13.640000,36100
2014-01-29,13.480000,13.760000,13.080000,13.680000,13.680000,32400
2014-01-30,13.840000,15.680000,13.840000,15.080000,15.080000,100800
2014-01-31,14.680000,15.400000,14.360000,15.000000,15.000000,71300
2014-02-03,14.880000,15.320000,14.320000,14.600000,14.600000,85400
2014-02-04,16.400000,16.400000,14.920000,15.440000,15.440000,157400
2014-02-05,15.400000,16.080000,15.160000,15.800000,15.800000,148600
2014-02-06,15.640000,16.760000,15.200000,16.360001,16.360001,138500
2014-02-07,16.559999,16.760000,16.000000,16.320000,16.320000,60600
2014-02-10,16.400000,16.400000,15.960000,16.240000,16.240000,40400
2014-02-11,16.240000,16.400000,16.040001,16.080000,16.080000,38700
2014-02-12,16.080000,16.360001,15.960000,16.200001,16.200001,37500
2014-02-13,16.120001,16.320000,16.000000,16.040001,16.040001,38100
2014-02-14,15.960000,16.360001,15.920000,16.320000,16.320000,44800
2014-02-18,16.200001,17.600000,16.040001,17.520000,17.520000,133000
2014-02-19,17.559999,17.600000,16.600000,16.680000,16.680000,41300
2014-02-20,16.799999,17.000000,16.440001,16.879999,16.879999,41900
2014-02-21,17.000000,17.000000,16.480000,16.480000,16.480000,49900
2014-02-24,16.600000,16.840000,16.160000,16.360001,16.360001,58500
2014-02-25,16.400000,16.440001,15.960000,16.160000,16.160000,75800
2014-02-26,16.080000,16.400000,15.920000,16.280001,16.280001,43400
2014-02-27,16.200001,16.360001,16.000000,16.240000,16.240000,110100
2014-02-28,16.240000,16.760000,16.120001,16.520000,16.520000,67500
2014-03-03,17.000000,18.320000,16.320000,17.920000,17.920000,112400
2014-03-04,18.320000,18.799999,17.959999,18.160000,18.160000,169300
2014-03-05,18.200001,18.920000,17.959999,18.360001,18.360001,100000
2014-03-06,18.400000,18.520000,17.840000,18.040001,18.040001,45600
2014-03-07,18.200001,18.200001,17.559999,17.600000,17.600000,59300
2014-03-10,17.440001,17.760000,17.040001,17.400000,17.400000,57000
2014-03-11,17.360001,17.400000,16.559999,16.879999,16.879999,60000
2014-03-12,16.760000,16.920000,15.720000,16.639999,16.639999,30500
2014-03-13,16.600000,16.719999,15.840000,16.320000,16.320000,50500
2014-03-14,16.160000,16.320000,15.600000,16.200001,16.200001,89400
2014-03-17,16.200001,16.840000,15.200000,15.480000,15.480000,141600
2014-03-18,15.400000,15.560000,15.240000,15.560000,15.560000,56600
2014-03-19,15.600000,16.040001,15.080000,15.160000,15.160000,96000
2014-03-20,15.200000,15.520000,15.000000,15.320000,15.320000,61700
2014-03-21,15.320000,15.840000,14.960000,15.160000,15.160000,176800
2014-03-24,15.400000,15.720000,14.800000,14.920000,14.920000,75200
2014-03-25,15.080000,15.360000,14.640000,14.680000,14.680000,99100
2014-03-26,14.680000,14.800000,14.240000,14.240000,14.240000,61200
2014-03-27,14.200000,14.320000,13.840000,14.000000,14.000000,54700
2014-03-28,13.960000,14.920000,13.960000,14.400000,14.400000,53700
2014-03-31,14.400000,14.800000,14.200000,14.760000,14.760000,76800
2014-04-01,14.960000,15.880000,14.720000,15.760000,15.760000,107400
2014-04-02,15.840000,15.960000,15.440000,15.760000,15.760000,41000
2014-04-03,15.680000,15.680000,15.080000,15.120000,15.120000,39100
2014-04-04,15.280000,15.280000,14.360000,14.560000,14.560000,43600
2014-04-07,14.440000,14.680000,13.680000,13.760000,13.760000,62600
2014-04-08,13.720000,15.120000,13.720000,14.080000,14.080000,27800
2014-04-09,14.200000,14.480000,13.920000,14.400000,14.400000,23100
2014-04-10,14.320000,14.320000,13.440000,13.480000,13.480000,42600
2014-04-11,13.320000,13.760000,13.080000,13.320000,13.320000,44300
2014-04-14,13.480000,14.040000,13.160000,13.240000,13.240000,34800
2014-04-15,13.240000,13.720000,12.360000,13.000000,13.000000,56000
2014-04-16,13.160000,13.320000,12.680000,13.120000,13.120000,26800
2014-04-17,13.040000,13.320000,12.840000,13.120000,13.120000,18700
2014-04-21,13.120000,13.440000,12.880000,13.160000,13.160000,18300
2014-04-22,13.120000,13.880000,13.120000,13.760000,13.760000,24600
2014-04-23,13.680000,13.840000,13.360000,13.640000,13.640000,28200
2014-04-24,13.760000,13.760000,13.200000,13.360000,13.360000,20200
2014-04-25,13.160000,13.760000,12.760000,13.400000,13.400000,65300
2014-04-28,13.440000,13.600000,12.880000,13.080000,13.080000,27600
2014-04-29,13.080000,13.120000,12.360000,12.480000,12.480000,58600
2014-04-30,12.480000,13.120000,12.160000,13.040000,13.040000,44100
2014-05-01,12.960000,13.200000,12.320000,12.760000,12.760000,107300
2014-05-02,12.840000,13.320000,12.280000,12.560000,12.560000,55700
2014-05-05,12.400000,12.840000,12.200000,12.560000,12.560000,59600
2014-05-06,12.440000,12.600000,12.000000,12.160000,12.160000,47700
2014-05-07,12.160000,12.880000,12.000000,12.520000,12.520000,42300
2014-05-08,12.480000,12.640000,11.880000,12.040000,12.040000,27100
2014-05-09,11.920000,12.480000,11.720000,12.400000,12.400000,28000
2014-05-12,12.520000,13.080000,12.160000,13.000000,13.000000,54700
2014-05-13,12.920000,13.040000,12.680000,12.920000,12.920000,64200
2014-05-14,12.840000,12.880000,12.080000,12.200000,12.200000,72500
2014-05-15,12.040000,12.320000,11.800000,12.320000,12.320000,125500
2014-05-16,12.280000,12.480000,11.840000,12.160000,12.160000,94400
2014-05-19,12.160000,12.200000,11.920000,12.160000,12.160000,54900
2014-05-20,12.000000,12.160000,11.200000,11.560000,11.560000,160000
2014-05-21,11.600000,12.480000,11.600000,12.200000,12.200000,92200
2014-05-22,10.800000,11.000000,10.000000,10.360000,10.360000,376700
2014-05-23,10.400000,10.520000,10.200000,10.360000,10.360000,83000
2014-05-27,10.600000,10.600000,9.920000,10.000000,10.000000,72200
2014-05-28,9.920000,10.320000,9.880000,10.240000,10.240000,74300
2014-05-29,10.080000,10.400000,10.000000,10.000000,10.000000,116600
2014-05-30,10.000000,10.080000,9.840000,9.840000,9.840000,70100
2014-06-02,9.920000,9.920000,9.520000,9.600000,9.600000,58900
2014-06-03,9.480000,9.720000,9.200000,9.560000,9.560000,152400
2014-06-04,9.480000,9.560000,9.000000,9.240000,9.240000,62900
2014-06-05,9.200000,9.360000,9.040000,9.240000,9.240000,44000
2014-06-06,9.320000,9.520000,9.240000,9.320000,9.320000,47200
2014-06-09,9.280000,9.640000,9.280000,9.600000,9.600000,56800
2014-06-10,9.560000,9.840000,9.280000,9.800000,9.800000,55700
2014-06-11,9.760000,10.200000,9.680000,9.960000,9.960000,53000
2014-06-12,9.880000,9.960000,9.720000,9.800000,9.800000,72900
2014-06-13,9.840000,9.880000,9.680000,9.840000,9.840000,58600
2014-06-16,9.920000,9.920000,9.400000,9.520000,9.520000,54700
2014-06-17,9.560000,9.720000,9.280000,9.320000,9.320000,50800
2014-06-18,9.280000,9.600000,9.280000,9.360000,9.360000,31300
2014-06-19,9.440000,9.520000,9.200000,9.360000,9.360000,49500
2014-06-20,9.480000,9.840000,9.320000,9.560000,9.560000,122100
2014-06-23,9.640000,9.640000,9.240000,9.320000,9.320000,71800
2014-06-24,9.240000,9.400000,9.120000,9.200000,9.200000,81300
2014-06-25,9.120000,9.200000,8.840000,9.120000,9.120000,75200
2014-06-26,9.160000,9.400000,8.920000,9.080000,9.080000,56800
2014-06-27,8.960000,9.200000,8.920000,9.160000,9.160000,1474300
2014-06-30,9.160000,9.880000,9.120000,9.800000,9.800000,80700
2014-07-01,9.720000,10.200000,9.600000,9.960000,9.960000,73700
2014-07-02,9.880000,10.360000,9.720000,10.040000,10.040000,90700
2014-07-03,10.160000,10.320000,10.000000,10.000000,10.000000,18900
2014-07-07,10.000000,10.240000,9.840000,10.120000,10.120000,119600
2014-07-08,9.880000,10.000000,9.400000,9.480000,9.480000,97800
2014-07-09,9.560000,9.680000,9.400000,9.520000,9.520000,74000
2014-07-10,9.320000,9.400000,9.280000,9.280000,9.280000,28000
2014-07-11,9.320000,9.320000,8.800000,9.000000,9.000000,87600
2014-07-14,9.200000,9.280000,8.840000,9.000000,9.000000,80900
2014-07-15,8.960000,9.120000,8.200000,8.280000,8.280000,166300
2014-07-16,8.280000,8.440000,8.240000,8.240000,8.240000,68200
2014-07-17,8.200000,8.400000,8.080000,8.200000,8.200000,57600
2014-07-18,8.120000,8.600000,8.120000,8.440000,8.440000,36100
2014-07-21,8.440000,8.600000,8.360000,8.480000,8.480000,41300
2014-07-22,8.480000,8.600000,8.360000,8.400000,8.400000,36600
2014-07-23,8.480000,8.480000,8.320000,8.320000,8.320000,33300
2014-07-24,8.320000,8.480000,8.320000,8.360000,8.360000,22000
2014-07-25,8.280000,8.480000,8.280000,8.360000,8.360000,28200
2014-07-28,8.280000,8.480000,8.080000,8.160000,8.160000,31700
2014-07-29,8.200000,8.400000,8.200000,8.240000,8.240000,37900
2014-07-30,8.200000,8.240000,8.000000,8.000000,8.000000,43900
2014-07-31,7.400000,7.400000,6.480000,6.920000,6.920000,749600
2014-08-01,7.000000,7.480000,6.800000,6.840000,6.840000,112600
2014-08-04,6.920000,6.960000,6.720000,6.760000,6.760000,37700
2014-08-05,6.760000,7.000000,6.720000,6.880000,6.880000,72000
2014-08-06,6.760000,6.920000,6.680000,6.920000,6.920000,73800
2014-08-07,6.920000,7.000000,6.720000,6.800000,6.800000,56900
2014-08-08,6.840000,7.000000,6.760000,6.880000,6.880000,33200
2014-08-11,7.000000,7.000000,6.840000,6.920000,6.920000,30800
2014-08-12,6.880000,6.920000,6.760000,6.760000,6.760000,31200
2014-08-13,6.720000,6.920000,6.720000,6.920000,6.920000,31100
2014-08-14,6.880000,6.960000,6.840000,6.880000,6.880000,42700
2014-08-15,6.880000,6.920000,6.800000,6.840000,6.840000,55800
2014-08-18,6.840000,6.920000,6.720000,6.840000,6.840000,21700
2014-08-19,7.000000,7.440000,6.920000,7.280000,7.280000,190100
2014-08-20,7.280000,7.280000,6.960000,7.160000,7.160000,45800
2014-08-21,7.160000,7.320000,7.040000,7.240000,7.240000,84300
2014-08-22,7.240000,7.600000,7.200000,7.320000,7.320000,31500
2014-08-25,7.320000,7.640000,7.320000,7.360000,7.360000,39400
2014-08-26,7.360000,7.600000,7.320000,7.520000,7.520000,93600
2014-08-27,7.600000,8.040000,7.400000,7.760000,7.760000,88700
2014-08-28,7.760000,7.760000,7.600000,7.680000,7.680000,27400
2014-08-29,7.680000,7.880000,7.520000,7.680000,7.680000,23600
2014-09-02,7.720000,7.960000,7.720000,7.760000,7.760000,20900
2014-09-03,7.880000,7.960000,7.760000,7.840000,7.840000,35800
2014-09-04,7.760000,7.840000,7.720000,7.760000,7.760000,12000
2014-09-05,7.720000,7.800000,7.560000,7.560000,7.560000,11800
2014-09-08,7.560000,7.720000,7.400000,7.560000,7.560000,38300
2014-09-09,7.720000,8.120000,7.720000,7.760000,7.760000,45900
2014-09-10,7.800000,7.880000,7.400000,7.560000,7.560000,26200
2014-09-11,7.440000,7.680000,7.440000,7.520000,7.520000,31200
2014-09-12,7.440000,7.560000,7.400000,7.400000,7.400000,14000
2014-09-15,7.440000,7.520000,7.400000,7.400000,7.400000,15300
2014-09-16,7.400000,7.480000,7.400000,7.400000,7.400000,19200
2014-09-17,7.400000,7.600000,7.400000,7.480000,7.480000,8900
2014-09-18,7.480000,7.560000,7.360000,7.440000,7.440000,127200
2014-09-19,7.440000,7.520000,7.280000,7.280000,7.280000,101300
2014-09-22,7.320000,7.360000,7.160000,7.360000,7.360000,32100
2014-09-23,7.280000,7.360000,7.240000,7.360000,7.360000,14500
2014-09-24,7.280000,7.520000,7.280000,7.520000,7.520000,39400
2014-09-25,7.520000,7.520000,7.280000,7.440000,7.440000,21900
2014-09-26,7.400000,7.400000,7.280000,7.360000,7.360000,19900
2014-09-29,7.360000,7.440000,7.360000,7.360000,7.360000,12400
2014-09-30,7.360000,7.520000,7.360000,7.360000,7.360000,31400
2014-10-01,7.360000,7.480000,6.760000,6.800000,6.800000,43000
2014-10-02,6.880000,6.920000,6.680000,6.680000,6.680000,24400
2014-10-03,6.800000,7.000000,6.680000,6.760000,6.760000,17100
2014-10-06,6.720000,6.960000,6.400000,6.560000,6.560000,41700
2014-10-07,6.480000,6.800000,6.400000,6.560000,6.560000,13200
2014-10-08,6.560000,6.640000,6.400000,6.400000,6.400000,27800
2014-10-09,6.440000,6.520000,6.280000,6.400000,6.400000,20800
2014-10-10,6.320000,6.480000,6.000000,6.120000,6.120000,28700
2014-10-13,6.160000,6.480000,6.160000,6.280000,6.280000,3400
2014-10-14,6.320000,6.480000,6.280000,6.360000,6.360000,5900
2014-10-15,6.360000,6.600000,6.000000,6.400000,6.400000,40700
2014-10-16,6.360000,6.480000,6.120000,6.200000,6.200000,12000
2014-10-17,6.200000,6.480000,6.200000,6.320000,6.320000,17800
2014-10-20,6.440000,6.600000,6.360000,6.400000,6.400000,42300
2014-10-21,6.520000,6.720000,6.480000,6.520000,6.520000,19200
2014-10-22,6.560000,6.600000,6.480000,6.480000,6.480000,8900
2014-10-23,6.440000,6.600000,6.440000,6.480000,6.480000,4300
2014-10-24,6.440000,6.520000,6.440000,6.480000,6.480000,15900
2014-10-27,6.400000,6.480000,6.280000,6.480000,6.480000,15200
2014-10-28,6.640000,6.720000,6.400000,6.680000,6.680000,17700
2014-10-29,6.560000,6.720000,6.480000,6.680000,6.680000,11400
2014-10-30,6.000000,6.200000,5.440000,5.720000,5.720000,217300
2014-10-31,5.880000,6.120000,5.360000,5.360000,5.360000,47100
2014-11-03,5.440000,5.720000,5.440000,5.680000,5.680000,66200
2014-11-04,5.680000,5.720000,5.560000,5.600000,5.600000,25000
2014-11-05,5.680000,5.800000,5.480000,5.680000,5.680000,115900
2014-11-06,5.760000,5.760000,5.640000,5.640000,5.640000,58000
2014-11-07,5.600000,5.720000,5.560000,5.680000,5.680000,48000
2014-11-10,5.600000,5.680000,5.520000,5.520000,5.520000,11300
2014-11-11,5.560000,5.600000,5.360000,5.400000,5.400000,85800
2014-11-12,5.400000,5.760000,5.360000,5.720000,5.720000,52000
2014-11-13,5.640000,5.760000,5.280000,5.400000,5.400000,54000
2014-11-14,5.320000,5.480000,5.280000,5.280000,5.280000,13200
2014-11-17,5.280000,5.440000,5.240000,5.240000,5.240000,6600
2014-11-18,5.320000,5.400000,5.200000,5.240000,5.240000,30000
2014-11-19,5.200000,5.280000,5.200000,5.280000,5.280000,8000
2014-11-20,5.200000,5.400000,5.160000,5.320000,5.320000,84700
2014-11-21,5.320000,5.440000,5.280000,5.280000,5.280000,9300
2014-11-24,5.240000,5.560000,5.240000,5.240000,5.240000,22000
2014-11-25,5.360000,5.560000,5.320000,5.440000,5.440000,44200
2014-11-26,5.520000,5.520000,5.240000,5.320000,5.320000,14500
2014-11-28,5.280000,5.320000,5.240000,5.240000,5.240000,2400
2014-12-01,5.200000,5.240000,5.040000,5.080000,5.080000,28100
2014-12-02,5.040000,5.160000,5.040000,5.040000,5.040000,5100
2014-12-03,5.040000,5.080000,4.880000,4.920000,4.920000,13900
2014-12-04,4.880000,5.000000,4.880000,5.000000,5.000000,20400
2014-12-05,4.920000,5.200000,4.920000,5.200000,5.200000,8600
2014-12-08,5.240000,5.240000,5.040000,5.160000,5.160000,12700
2014-12-09,4.960000,5.280000,4.960000,5.280000,5.280000,6500
2014-12-10,5.160000,5.240000,5.120000,5.160000,5.160000,22800
2014-12-11,5.160000,5.440000,5.160000,5.400000,5.400000,7500
2014-12-12,5.280000,5.400000,5.240000,5.400000,5.400000,9500
2014-12-15,5.280000,5.440000,5.280000,5.320000,5.320000,5300
2014-12-16,5.320000,5.400000,5.160000,5.200000,5.200000,28300
2014-12-17,5.280000,5.400000,5.160000,5.320000,5.320000,17500
2014-12-18,5.360000,5.520000,5.320000,5.440000,5.440000,29400
2014-12-19,5.400000,5.560000,5.400000,5.560000,5.560000,51600
2014-12-22,5.560000,5.960000,5.560000,5.680000,5.680000,11700
2014-12-23,5.720000,5.720000,5.480000,5.600000,5.600000,14400
2014-12-24,5.520000,5.640000,5.480000,5.480000,5.480000,13500
2014-12-26,5.480000,5.640000,5.480000,5.600000,5.600000,15700
2014-12-29,5.600000,5.800000,5.480000,5.800000,5.800000,49400
2014-12-30,5.720000,5.960000,5.640000,5.920000,5.920000,18500
2014-12-31,5.880000,6.160000,5.880000,6.000000,6.000000,23200
2015-01-02,6.000000,6.120000,5.880000,5.880000,5.880000,28900
2015-01-05,5.960000,6.160000,5.840000,6.000000,6.000000,85700
2015-01-06,5.920000,6.120000,5.800000,6.120000,6.120000,164300
2015-01-07,6.040000,6.120000,5.840000,6.120000,6.120000,51700
2015-01-08,6.080000,6.120000,5.880000,5.960000,5.960000,59200
2015-01-09,5.960000,6.000000,5.800000,5.960000,5.960000,48100
2015-01-12,5.840000,5.920000,5.640000,5.640000,5.640000,39700
2015-01-13,5.600000,5.600000,5.480000,5.560000,5.560000,26900
2015-01-14,5.440000,5.560000,5.360000,5.560000,5.560000,73600
2015-01-15,5.480000,5.600000,5.440000,5.560000,5.560000,32800
2015-01-16,5.480000,5.760000,5.360000,5.360000,5.360000,55600
2015-01-20,5.280000,5.440000,5.200000,5.200000,5.200000,8100
2015-01-21,5.320000,5.320000,5.040000,5.040000,5.040000,32800
2015-01-22,5.120000,5.160000,5.000000,5.000000,5.000000,35900
2015-01-23,5.000000,5.080000,4.840000,4.880000,4.880000,124200
2015-01-26,4.800000,5.280000,4.800000,5.160000,5.160000,75000
2015-01-27,5.200000,5.240000,4.960000,5.000000,5.000000,81500
2015-01-28,5.120000,5.160000,4.840000,5.000000,5.000000,45000
2015-01-29,4.920000,5.080000,4.920000,5.000000,5.000000,19000
2015-01-30,4.920000,5.080000,4.920000,5.000000,5.000000,38500
2015-02-02,5.080000,5.520000,5.040000,5.520000,5.520000,41900
2015-02-03,5.400000,5.960000,5.240000,5.640000,5.640000,27100
2015-02-04,5.480000,5.960000,5.440000,5.440000,5.440000,49200
2015-02-05,4.400000,5.280000,3.840000,5.160000,5.160000,388800
2015-02-06,5.240000,5.240000,4.840000,5.040000,5.040000,40900
2015-02-09,5.240000,6.120000,5.240000,5.760000,5.760000,224500
2015-02-10,6.360000,6.360000,5.400000,5.440000,5.440000,83700
2015-02-11,5.800000,5.800000,5.160000,5.320000,5.320000,52100
2015-02-12,5.320000,5.440000,5.080000,5.400000,5.400000,90200
2015-02-13,5.520000,5.840000,5.440000,5.800000,5.800000,112100
2015-02-17,5.920000,6.080000,5.760000,6.080000,6.080000,64100
2015-02-18,6.000000,6.080000,6.000000,6.000000,6.000000,47300
2015-02-19,6.120000,6.400000,6.000000,6.360000,6.360000,14100
2015-02-20,6.240000,6.360000,6.080000,6.160000,6.160000,26200
2015-02-23,6.120000,6.160000,6.000000,6.000000,6.000000,88900
2015-02-24,6.000000,6.120000,6.000000,6.000000,6.000000,24100
2015-02-25,6.000000,6.200000,5.800000,5.960000,5.960000,42500
2015-02-26,5.880000,6.040000,5.800000,5.960000,5.960000,35400
2015-02-27,5.880000,6.000000,5.720000,5.720000,5.720000,26800
2015-03-02,5.840000,5.920000,5.760000,5.760000,5.760000,26900
2015-03-03,5.880000,5.880000,5.760000,5.880000,5.880000,16400
2015-03-04,5.720000,6.000000,5.720000,6.000000,6.000000,32600
2015-03-05,5.920000,6.040000,5.920000,6.040000,6.040000,33300
2015-03-06,6.000000,6.040000,5.840000,6.000000,6.000000,22200
2015-03-09,5.920000,6.040000,5.880000,5.880000,5.880000,35900
2015-03-10,5.800000,5.880000,5.720000,5.720000,5.720000,77900
2015-03-11,5.760000,5.800000,5.600000,5.600000,5.600000,41300
2015-03-12,5.680000,6.120000,5.680000,5.960000,5.960000,47500
2015-03-13,5.960000,5.960000,5.720000,5.960000,5.960000,26400
2015-03-16,5.920000,5.960000,5.680000,5.840000,5.840000,41900
2015-03-17,5.840000,5.880000,5.600000,5.840000,5.840000,43200
2015-03-18,5.800000,5.840000,5.680000,5.800000,5.800000,41100
2015-03-19,5.720000,5.920000,5.680000,5.760000,5.760000,12100
2015-03-20,5.760000,5.880000,5.280000,5.280000,5.280000,96600
2015-03-23,5.240000,5.600000,5.240000,5.280000,5.280000,54900
2015-03-24,5.480000,5.600000,5.120000,5.200000,5.200000,95600
2015-03-25,5.040000,5.480000,5.040000,5.040000,5.040000,22300
2015-03-26,5.080000,5.160000,4.960000,5.080000,5.080000,40900
2015-03-27,5.200000,5.360000,5.040000,5.200000,5.200000,30800
2015-03-30,5.120000,5.240000,5.040000,5.080000,5.080000,54600
2015-03-31,5.040000,5.240000,4.720000,5.240000,5.240000,121600
2015-04-01,5.200000,5.200000,4.800000,4.920000,4.920000,81500
2015-04-02,5.040000,5.240000,5.000000,5.200000,5.200000,29200
2015-04-06,5.040000,5.480000,5.040000,5.280000,5.280000,41500
2015-04-07,5.160000,5.360000,5.080000,5.160000,5.160000,40100
2015-04-08,5.280000,5.400000,5.080000,5.080000,5.080000,15300
2015-04-09,5.200000,5.440000,5.080000,5.360000,5.360000,16200
2015-04-10,5.240000,5.320000,5.000000,5.200000,5.200000,17700
2015-04-13,5.200000,5.400000,5.080000,5.360000,5.360000,36100
2015-04-14,5.320000,5.320000,4.960000,5.320000,5.320000,40100
2015-04-15,5.360000,5.400000,5.080000,5.120000,5.120000,21600
2015-04-16,5.240000,5.480000,5.200000,5.440000,5.440000,4200
2015-04-17,5.440000,5.560000,5.240000,5.480000,5.480000,22700
2015-04-20,5.560000,5.560000,5.200000,5.440000,5.440000,23800
2015-04-21,5.400000,5.440000,5.240000,5.280000,5.280000,3200
2015-04-22,5.400000,5.440000,5.240000,5.320000,5.320000,5500
2015-04-23,5.320000,5.560000,5.320000,5.560000,5.560000,43800
2015-04-24,5.560000,5.560000,5.400000,5.560000,5.560000,23800
2015-04-27,5.560000,5.600000,5.240000,5.400000,5.400000,80100
2015-04-28,5.360000,5.400000,5.240000,5.240000,5.240000,9200
2015-04-29,5.240000,5.480000,5.240000,5.240000,5.240000,10500
2015-04-30,5.200000,5.280000,4.800000,4.800000,4.800000,57600
2015-05-01,4.800000,4.960000,4.520000,4.840000,4.840000,60300
2015-05-04,4.960000,5.440000,4.960000,5.200000,5.200000,71500
2015-05-05,5.280000,5.440000,4.920000,5.440000,5.440000,32400
2015-05-06,5.480000,5.480000,5.080000,5.120000,5.120000,26100
2015-05-07,5.000000,5.360000,5.000000,5.040000,5.040000,27800
2015-05-08,5.240000,5.440000,5.120000,5.240000,5.240000,12100
2015-05-11,5.040000,5.400000,5.000000,5.000000,5.000000,36300
2015-05-12,5.000000,5.280000,5.000000,5.120000,5.120000,12400
2015-05-13,5.080000,5.200000,5.000000,5.000000,5.000000,8500
2015-05-14,5.240000,5.360000,5.000000,5.200000,5.200000,48800
2015-05-15,5.200000,5.240000,5.000000,5.040000,5.040000,21100
2015-05-18,5.000000,5.120000,4.960000,5.000000,5.000000,33500
2015-05-19,4.920000,5.080000,4.880000,5.000000,5.000000,14300
2015-05-20,4.880000,4.920000,4.800000,4.880000,4.880000,54400
2015-05-21,4.560000,5.320000,4.560000,4.680000,4.680000,68600
2015-05-22,4.920000,4.960000,4.720000,4.800000,4.800000,28700
2015-05-26,4.800000,4.800000,4.600000,4.720000,4.720000,29500
2015-05-27,4.800000,4.800000,4.600000,4.600000,4.600000,46400
2015-05-28,4.800000,4.800000,4.600000,4.600000,4.600000,19200
2015-05-29,4.600000,4.680000,4.120000,4.120000,4.120000,245200
2015-06-01,4.040000,4.320000,3.960000,4.040000,4.040000,44500
2015-06-02,4.200000,4.480000,4.000000,4.280000,4.280000,130100
2015-06-03,4.280000,4.360000,4.040000,4.120000,4.120000,31600
2015-06-04,4.280000,4.280000,4.040000,4.160000,4.160000,94200
2015-06-05,4.120000,4.440000,4.080000,4.280000,4.280000,145100
2015-06-08,4.320000,4.320000,4.120000,4.240000,4.240000,121700
2015-06-09,4.120000,4.280000,4.040000,4.080000,4.080000,21900
2015-06-10,4.160000,4.160000,3.960000,4.000000,4.000000,70200
2015-06-11,4.000000,4.160000,4.000000,4.000000,4.000000,27800
2015-06-12,4.000000,4.080000,4.000000,4.000000,4.000000,46400
2015-06-15,4.000000,4.040000,3.920000,4.040000,4.040000,118200
2015-06-16,4.000000,4.040000,3.960000,4.000000,4.000000,37900
2015-06-17,4.000000,4.040000,3.960000,3.960000,3.960000,46200
2015-06-18,3.960000,4.040000,3.920000,4.040000,4.040000,307100
2015-06-19,4.040000,4.200000,4.000000,4.080000,4.080000,112000
2015-06-22,4.080000,4.200000,4.000000,4.040000,4.040000,134100
2015-06-23,4.000000,4.160000,3.960000,4.040000,4.040000,45000
2015-06-24,4.080000,4.200000,3.960000,4.080000,4.080000,68000
2015-06-25,4.080000,4.080000,3.960000,3.960000,3.960000,79200
2015-06-26,3.960000,4.960000,3.960000,4.960000,4.960000,120500
2015-06-29,4.600000,4.600000,4.000000,4.280000,4.280000,118900
2015-06-30,4.240000,4.240000,3.960000,3.960000,3.960000,104000
2015-07-01,4.120000,4.160000,3.920000,3.920000,3.920000,667900
2015-07-02,4.040000,4.200000,3.920000,4.120000,4.120000,350200
2015-07-06,4.120000,4.120000,3.920000,4.000000,4.000000,122400
2015-07-07,3.960000,4.000000,3.920000,4.000000,4.000000,80800
2015-07-08,4.040000,4.120000,3.920000,3.920000,3.920000,77100
2015-07-09,3.920000,4.040000,3.880000,3.960000,3.960000,36400
2015-07-10,3.960000,4.040000,3.920000,4.040000,4.040000,26600
2015-07-13,4.000000,4.120000,3.880000,4.080000,4.080000,81200
2015-07-14,4.080000,4.080000,4.040000,4.040000,4.040000,33200
2015-07-15,4.040000,4.080000,3.920000,4.040000,4.040000,28200
2015-07-16,3.960000,4.120000,3.880000,4.080000,4.080000,24000
2015-07-17,4.040000,4.120000,4.000000,4.040000,4.040000,22900
2015-07-20,4.040000,4.080000,3.920000,4.040000,4.040000,25000
2015-07-21,4.000000,4.040000,3.960000,3.960000,3.960000,5200
2015-07-22,3.960000,4.000000,3.920000,3.920000,3.920000,15000
2015-07-23,3.920000,4.040000,3.920000,4.040000,4.040000,55400
2015-07-24,4.000000,4.000000,3.920000,3.960000,3.960000,30200
2015-07-27,4.040000,4.040000,3.920000,3.920000,3.920000,9600
2015-07-28,3.920000,4.000000,3.800000,3.880000,3.880000,127300
2015-07-29,3.920000,4.000000,3.800000,3.800000,3.800000,111900
2015-07-30,4.120000,4.920000,4.000000,4.560000,4.560000,462600
2015-07-31,4.640000,4.960000,4.600000,4.880000,4.880000,80100
2015-08-03,4.880000,4.880000,4.680000,4.760000,4.760000,66100
2015-08-04,4.720000,4.880000,4.720000,4.880000,4.880000,21300
2015-08-05,4.800000,4.880000,4.720000,4.760000,4.760000,23200
2015-08-06,4.800000,4.800000,4.480000,4.560000,4.560000,60100
2015-08-07,4.640000,4.680000,4.440000,4.480000,4.480000,101200
2015-08-10,4.440000,4.680000,4.440000,4.600000,4.600000,73300
2015-08-11,4.600000,4.680000,4.520000,4.600000,4.600000,304400
2015-08-12,4.440000,4.640000,4.400000,4.400000,4.400000,6800
2015-08-13,4.440000,4.600000,4.440000,4.600000,4.600000,17000
2015-08-14,4.400000,4.600000,4.400000,4.520000,4.520000,24100
2015-08-17,4.600000,4.720000,4.440000,4.440000,4.440000,65500
2015-08-18,4.560000,4.760000,4.560000,4.640000,4.640000,5100
2015-08-19,4.520000,4.680000,4.520000,4.600000,4.600000,134000
2015-08-20,4.520000,4.640000,4.520000,4.520000,4.520000,122300
2015-08-21,4.520000,4.600000,4.520000,4.600000,4.600000,60200
2015-08-24,4.360000,4.440000,4.360000,4.360000,4.360000,87800
2015-08-25,4.560000,4.560000,4.320000,4.320000,4.320000,245100
2015-08-26,4.400000,4.480000,4.280000,4.280000,4.280000,66900
2015-08-27,4.400000,4.400000,4.160000,4.160000,4.160000,78900
2015-08-28,4.200000,4.640000,4.200000,4.400000,4.400000,55200
2015-08-31,4.360000,4.760000,4.200000,4.520000,4.520000,229300
2015-09-01,4.400000,4.720000,4.400000,4.680000,4.680000,4900
2015-09-02,4.680000,4.880000,4.520000,4.760000,4.760000,12800
2015-09-03,4.600000,4.880000,4.600000,4.720000,4.720000,13200
2015-09-04,4.800000,4.800000,4.600000,4.680000,4.680000,31200
2015-09-08,4.680000,4.760000,4.520000,4.720000,4.720000,58300
2015-09-09,4.520000,4.840000,4.520000,4.680000,4.680000,38800
2015-09-10,4.600000,4.840000,4.520000,4.800000,4.800000,10900
2015-09-11,4.640000,4.920000,4.600000,4.600000,4.600000,23100
2015-09-14,4.600000,4.800000,4.520000,4.720000,4.720000,44400
2015-09-15,4.720000,4.880000,4.600000,4.640000,4.640000,35300
2015-09-16,4.640000,4.800000,4.440000,4.440000,4.440000,8100
2015-09-17,4.560000,4.800000,4.520000,4.560000,4.560000,149700
2015-09-18,4.480000,4.920000,4.480000,4.840000,4.840000,305000
2015-09-21,4.800000,4.880000,4.680000,4.840000,4.840000,21900
2015-09-22,4.760000,4.840000,4.600000,4.600000,4.600000,43700
2015-09-23,4.600000,4.720000,4.560000,4.640000,4.640000,21000
2015-09-24,4.720000,4.800000,4.600000,4.640000,4.640000,55400
2015-09-25,4.920000,4.920000,4.600000,4.720000,4.720000,22200
2015-09-28,4.600000,4.720000,4.440000,4.560000,4.560000,23300
2015-09-29,4.560000,4.760000,4.320000,4.760000,4.760000,54500
2015-09-30,4.720000,4.720000,4.360000,4.560000,4.560000,42600
2015-10-01,4.440000,4.600000,4.360000,4.440000,4.440000,4900
2015-10-02,4.440000,4.640000,4.360000,4.520000,4.520000,10700
2015-10-05,4.520000,4.600000,4.400000,4.520000,4.520000,10600
2015-10-06,4.480000,4.600000,4.400000,4.560000,4.560000,15600
2015-10-07,4.480000,4.560000,4.440000,4.440000,4.440000,13300
2015-10-08,4.440000,4.520000,4.360000,4.480000,4.480000,8700
2015-10-09,4.400000,4.560000,4.400000,4.440000,4.440000,14700
2015-10-12,4.520000,4.560000,4.440000,4.480000,4.480000,6400
2015-10-13,4.400000,4.520000,4.400000,4.440000,4.440000,12100
2015-10-14,4.440000,4.480000,4.360000,4.400000,4.400000,3300
2015-10-15,4.440000,4.760000,4.440000,4.600000,4.600000,22200
2015-10-16,4.600000,4.840000,4.560000,4.600000,4.600000,52100
2015-10-19,4.440000,4.760000,4.440000,4.680000,4.680000,15500
2015-10-20,4.600000,4.720000,4.480000,4.560000,4.560000,4200
2015-10-21,4.560000,4.680000,4.560000,4.560000,4.560000,5700
2015-10-22,4.520000,4.640000,4.480000,4.480000,4.480000,2500
2015-10-23,4.520000,4.640000,4.400000,4.400000,4.400000,6600
2015-10-26,4.400000,4.760000,4.400000,4.680000,4.680000,29600
2015-10-27,4.720000,4.720000,4.440000,4.440000,4.440000,44100
2015-10-28,4.680000,4.960000,4.400000,4.640000,4.640000,51100
2015-10-29,5.160000,5.600000,4.800000,5.360000,5.360000,473200
2015-10-30,5.200000,5.480000,5.080000,5.400000,5.400000,41700
2015-11-02,5.440000,5.560000,5.280000,5.520000,5.520000,44500
2015-11-03,5.560000,5.800000,5.480000,5.760000,5.760000,33000
2015-11-04,5.920000,5.920000,5.440000,5.480000,5.480000,403600
2015-11-05,5.680000,5.680000,5.440000,5.680000,5.680000,59400
2015-11-06,5.760000,5.800000,5.440000,5.800000,5.800000,15700
2015-11-09,5.880000,6.040000,5.600000,5.880000,5.880000,49600
2015-11-10,5.840000,6.000000,5.400000,5.400000,5.400000,72600
2015-11-11,5.440000,5.600000,5.440000,5.480000,5.480000,6800
2015-11-12,5.440000,5.560000,5.160000,5.200000,5.200000,12000
2015-11-13,5.280000,5.480000,5.200000,5.360000,5.360000,2900
2015-11-16,5.440000,5.480000,5.240000,5.280000,5.280000,10600
2015-11-17,5.200000,5.400000,5.120000,5.400000,5.400000,8000
2015-11-18,5.280000,5.440000,5.280000,5.280000,5.280000,8400
2015-11-19,5.360000,5.440000,5.280000,5.280000,5.280000,10600
2015-11-20,5.240000,5.480000,5.200000,5.360000,5.360000,2200
2015-11-23,5.400000,5.680000,5.400000,5.680000,5.680000,22100
2015-11-24,5.680000,5.760000,5.520000,5.640000,5.640000,15300
2015-11-25,5.640000,5.760000,5.600000,5.760000,5.760000,10900
2015-11-27,5.680000,5.800000,5.680000,5.760000,5.760000,6600
2015-11-30,5.720000,5.840000,5.680000,5.720000,5.720000,16600
2015-12-01,5.760000,5.840000,5.680000,5.720000,5.720000,8000
2015-12-02,5.760000,5.800000,5.720000,5.720000,5.720000,16700
2015-12-03,5.760000,5.800000,5.000000,5.160000,5.160000,50500
2015-12-04,5.280000,5.400000,5.160000,5.320000,5.320000,20700
2015-12-07,5.240000,5.320000,5.120000,5.160000,5.160000,6000
2015-12-08,5.200000,5.320000,5.120000,5.160000,5.160000,26400
2015-12-09,5.160000,5.360000,5.160000,5.280000,5.280000,33500
2015-12-10,5.360000,5.680000,5.360000,5.680000,5.680000,49500
2015-12-11,5.440000,5.800000,5.440000,5.680000,5.680000,19700
2015-12-14,5.600000,5.800000,5.600000,5.640000,5.640000,172800
2015-12-15,5.560000,5.600000,5.440000,5.440000,5.440000,4900
2015-12-16,5.560000,5.560000,5.400000,5.400000,5.400000,5400
2015-12-17,5.400000,5.560000,5.400000,5.480000,5.480000,11500
2015-12-18,5.560000,5.560000,5.400000,5.520000,5.520000,18000
2015-12-21,5.600000,5.600000,5.440000,5.520000,5.520000,13800
2015-12-22,5.440000,5.560000,5.400000,5.480000,5.480000,128500
2015-12-23,5.440000,5.480000,5.320000,5.360000,5.360000,29900
2015-12-24,5.240000,5.360000,5.200000,5.320000,5.320000,43900
2015-12-28,5.240000,5.400000,5.200000,5.200000,5.200000,43300
2015-12-29,5.200000,5.280000,5.000000,5.000000,5.000000,17000
2015-12-30,4.920000,5.080000,4.920000,5.040000,5.040000,14000
2015-12-31,4.920000,5.120000,4.920000,5.040000,5.040000,147000
2016-01-04,5.000000,5.120000,4.960000,4.960000,4.960000,10000
2016-01-05,5.040000,5.080000,4.960000,5.080000,5.080000,6600
2016-01-06,5.040000,5.160000,5.000000,5.120000,5.120000,49900
2016-01-07,5.040000,5.120000,4.920000,4.960000,4.960000,45300
2016-01-08,5.000000,5.000000,4.880000,4.880000,4.880000,9600
2016-01-11,4.840000,4.920000,4.800000,4.840000,4.840000,51700
2016-01-12,4.800000,4.880000,4.720000,4.760000,4.760000,5100
2016-01-13,4.680000,4.840000,4.440000,4.560000,4.560000,14100
2016-01-14,4.560000,4.680000,4.480000,4.560000,4.560000,14800
2016-01-15,4.560000,4.680000,4.480000,4.520000,4.520000,17800
2016-01-19,4.560000,4.600000,4.400000,4.520000,4.520000,33900
2016-01-20,4.440000,4.440000,4.000000,4.120000,4.120000,295100
2016-01-21,4.240000,4.480000,4.040000,4.120000,4.120000,71600
2016-01-22,4.120000,4.400000,4.120000,4.240000,4.240000,71200
2016-01-25,4.400000,4.440000,4.280000,4.280000,4.280000,42200
2016-01-26,4.360000,4.480000,4.000000,4.040000,4.040000,122600
2016-01-27,4.240000,4.360000,4.000000,4.360000,4.360000,23400
2016-01-28,4.360000,4.480000,4.280000,4.400000,4.400000,6500
2016-01-29,4.400000,4.600000,4.360000,4.400000,4.400000,10900
2016-02-01,4.120000,4.560000,4.000000,4.520000,4.520000,39500
2016-02-02,4.480000,4.560000,4.480000,4.520000,4.520000,33100
2016-02-03,4.520000,4.600000,4.480000,4.480000,4.480000,62900
2016-02-04,4.440000,4.520000,4.160000,4.240000,4.240000,48900
2016-02-05,4.160000,4.240000,4.040000,4.040000,4.040000,9500
2016-02-08,4.040000,4.280000,4.000000,4.160000,4.160000,33500
2016-02-09,4.040000,4.240000,4.000000,4.000000,4.000000,35500
2016-02-10,4.200000,4.240000,4.160000,4.200000,4.200000,8100
2016-02-11,4.160000,4.280000,4.080000,4.160000,4.160000,10400
2016-02-12,4.280000,4.560000,4.160000,4.280000,4.280000,19500
2016-02-16,4.320000,4.480000,4.280000,4.480000,4.480000,104700
2016-02-17,4.520000,5.000000,4.440000,4.840000,4.840000,178900
2016-02-18,4.720000,4.840000,4.640000,4.680000,4.680000,107200
2016-02-19,4.720000,4.720000,4.200000,4.280000,4.280000,82100
2016-02-22,4.280000,4.800000,4.280000,4.320000,4.320000,14200
2016-02-23,4.320000,4.840000,4.280000,4.640000,4.640000,8400
2016-02-24,4.600000,4.680000,4.520000,4.640000,4.640000,29600
2016-02-25,4.680000,4.800000,4.600000,4.680000,4.680000,10800
2016-02-26,4.600000,4.720000,4.520000,4.560000,4.560000,4500
2016-02-29,4.640000,4.720000,4.480000,4.480000,4.480000,30300
2016-03-01,4.600000,4.800000,4.600000,4.760000,4.760000,30200
2016-03-02,4.760000,4.920000,4.760000,4.880000,4.880000,64200
2016-03-03,4.880000,4.880000,4.640000,4.640000,4.640000,103200
2016-03-04,4.680000,4.920000,4.680000,4.720000,4.720000,21400
2016-03-07,4.760000,5.000000,4.760000,4.800000,4.800000,29600
2016-03-08,4.720000,5.000000,4.720000,4.760000,4.760000,31000
2016-03-09,4.840000,5.000000,4.840000,4.880000,4.880000,15600
2016-03-10,4.960000,4.960000,4.760000,4.800000,4.800000,33700
2016-03-11,4.680000,4.960000,4.640000,4.880000,4.880000,2800
2016-03-14,4.760000,4.880000,4.640000,4.680000,4.680000,4000
2016-03-15,4.640000,4.960000,4.640000,4.760000,4.760000,5600
2016-03-16,4.840000,4.840000,4.640000,4.720000,4.720000,5100
2016-03-17,4.680000,4.840000,4.680000,4.680000,4.680000,9200
2016-03-18,4.680000,5.000000,4.680000,4.840000,4.840000,39800
2016-03-21,5.000000,5.200000,4.680000,4.800000,4.800000,81700
2016-03-22,4.720000,4.920000,4.680000,4.840000,4.840000,101600
2016-03-23,4.880000,4.960000,4.640000,4.640000,4.640000,115300
2016-03-24,4.640000,4.880000,4.640000,4.720000,4.720000,12400
2016-03-28,4.680000,4.680000,4.640000,4.640000,4.640000,41800
2016-03-29,4.640000,4.840000,4.640000,4.640000,4.640000,11500
2016-03-30,4.680000,4.840000,4.640000,4.720000,4.720000,15200
2016-03-31,4.720000,4.800000,4.680000,4.680000,4.680000,24700
2016-04-01,4.680000,4.760000,4.640000,4.640000,4.640000,94800
2016-04-04,4.640000,4.760000,4.560000,4.560000,4.560000,63000
2016-04-05,4.560000,4.720000,4.560000,4.640000,4.640000,43100
2016-04-06,4.640000,4.640000,4.600000,4.600000,4.600000,13500
2016-04-07,4.600000,4.880000,4.560000,4.560000,4.560000,11700
2016-04-08,4.600000,4.680000,4.600000,4.680000,4.680000,1700
2016-04-11,4.600000,4.640000,4.600000,4.600000,4.600000,47900
2016-04-12,4.600000,4.680000,4.400000,4.640000,4.640000,64800
2016-04-13,4.600000,4.760000,4.520000,4.560000,4.560000,31300
2016-04-14,4.600000,4.760000,4.560000,4.560000,4.560000,111200
2016-04-15,4.600000,4.800000,4.600000,4.640000,4.640000,31300
2016-04-18,4.760000,4.760000,4.600000,4.600000,4.600000,36900
2016-04-19,4.640000,4.760000,4.640000,4.680000,4.680000,20200
2016-04-20,4.680000,4.760000,4.640000,4.760000,4.760000,40100
2016-04-21,4.680000,4.960000,4.680000,4.760000,4.760000,49200
2016-04-22,4.800000,4.880000,4.760000,4.760000,4.760000,19600
2016-04-25,4.760000,5.160000,4.760000,4.960000,4.960000,12500
2016-04-26,5.040000,5.080000,4.920000,5.080000,5.080000,9400
2016-04-27,4.920000,5.000000,4.920000,4.920000,4.920000,14300
2016-04-28,4.960000,5.040000,4.760000,4.840000,4.840000,8100
2016-04-29,4.880000,4.960000,4.800000,4.840000,4.840000,19900
2016-05-02,4.840000,4.960000,4.760000,4.760000,4.760000,20500
2016-05-03,4.760000,4.920000,4.720000,4.720000,4.720000,6200
2016-05-04,4.800000,4.800000,4.640000,4.720000,4.720000,16000
2016-05-05,4.800000,4.960000,4.600000,4.680000,4.680000,73700
2016-05-06,4.720000,4.720000,4.480000,4.720000,4.720000,42400
2016-05-09,4.760000,4.760000,4.480000,4.560000,4.560000,46800
2016-05-10,4.560000,4.760000,4.120000,4.680000,4.680000,47300
2016-05-11,4.680000,4.760000,4.560000,4.600000,4.600000,4500
2016-05-12,4.640000,4.640000,4.040000,4.440000,4.440000,14600
2016-05-13,4.440000,4.480000,4.280000,4.440000,4.440000,3300
2016-05-16,4.400000,4.600000,4.400000,4.560000,4.560000,30600
2016-05-17,4.560000,4.600000,4.200000,4.600000,4.600000,33300
2016-05-18,4.560000,4.880000,4.560000,4.560000,4.560000,44500
2016-05-19,4.400000,4.760000,3.720000,3.800000,3.800000,317900
2016-05-20,3.840000,3.840000,3.600000,3.680000,3.680000,179300
2016-05-23,3.760000,3.760000,3.520000,3.520000,3.520000,90900
2016-05-24,3.600000,3.600000,3.360000,3.360000,3.360000,17600
2016-05-25,3.440000,3.480000,3.320000,3.400000,3.400000,80000
2016-05-26,3.360000,3.400000,3.280000,3.280000,3.280000,49600
2016-05-27,3.320000,3.760000,3.160000,3.160000,3.160000,19300
2016-05-31,3.200000,3.480000,3.040000,3.200000,3.200000,128300
2016-06-01,3.240000,3.240000,3.080000,3.120000,3.120000,125900
2016-06-02,3.160000,3.160000,3.080000,3.080000,3.080000,34200
2016-06-03,3.120000,3.160000,3.000000,3.000000,3.000000,23600
2016-06-06,3.040000,3.040000,2.960000,2.960000,2.960000,104700
2016-06-07,2.960000,3.000000,2.960000,3.000000,3.000000,128800
2016-06-08,3.000000,3.280000,3.000000,3.080000,3.080000,158200
2016-06-09,3.120000,3.200000,3.120000,3.120000,3.120000,66800
2016-06-10,3.040000,3.120000,3.040000,3.040000,3.040000,53200
2016-06-13,3.000000,3.240000,3.000000,3.040000,3.040000,102300
2016-06-14,3.080000,3.200000,3.000000,3.120000,3.120000,50000
2016-06-15,3.080000,3.200000,3.000000,3.040000,3.040000,27000
2016-06-16,3.120000,3.120000,3.000000,3.040000,3.040000,23100
2016-06-17,3.040000,3.160000,2.920000,3.040000,3.040000,69200
2016-06-20,3.000000,3.160000,2.920000,2.960000,2.960000,42100
2016-06-21,2.880000,2.920000,2.840000,2.840000,2.840000,89900
2016-06-22,2.880000,2.920000,2.840000,2.880000,2.880000,85600
2016-06-23,2.840000,3.040000,2.800000,2.800000,2.800000,78200
2016-06-24,2.800000,3.040000,2.800000,2.800000,2.800000,49900
2016-06-27,2.760000,2.760000,2.640000,2.720000,2.720000,77300
2016-06-28,2.640000,2.800000,2.640000,2.800000,2.800000,6600
2016-06-29,2.880000,2.920000,2.800000,2.880000,2.880000,15000
2016-06-30,2.880000,2.880000,2.800000,2.800000,2.800000,23700
2016-07-01,2.800000,2.920000,2.800000,2.920000,2.920000,39900
2016-07-05,2.960000,2.960000,2.800000,2.880000,2.880000,50300
2016-07-06,2.800000,2.800000,2.720000,2.760000,2.760000,78600
2016-07-07,2.760000,2.800000,2.680000,2.760000,2.760000,48500
2016-07-08,2.880000,3.000000,2.680000,3.000000,3.000000,33300
2016-07-11,2.920000,2.920000,2.720000,2.920000,2.920000,87200
2016-07-12,2.800000,2.880000,2.760000,2.760000,2.760000,51200
2016-07-13,2.760000,2.880000,2.720000,2.880000,2.880000,20900
2016-07-14,2.840000,2.840000,2.720000,2.800000,2.800000,114400
2016-07-15,2.840000,2.880000,2.760000,2.840000,2.840000,75000
2016-07-18,2.840000,2.880000,2.720000,2.880000,2.880000,68100
2016-07-19,2.840000,2.840000,2.720000,2.760000,2.760000,43800
2016-07-20,2.680000,2.800000,2.640000,2.800000,2.800000,104000
2016-07-21,2.800000,2.800000,2.640000,2.800000,2.800000,21500
2016-07-22,2.800000,2.800000,2.760000,2.800000,2.800000,59500
2016-07-25,2.800000,2.800000,2.720000,2.800000,2.800000,15200
2016-07-26,2.800000,3.000000,2.760000,2.920000,2.920000,164300
2016-07-27,2.800000,2.960000,2.800000,2.840000,2.840000,80600
2016-07-28,2.560000,2.560000,2.120000,2.120000,2.120000,729900
2016-07-29,2.160000,2.240000,2.120000,2.200000,2.200000,267800
2016-08-01,2.160000,2.280000,2.160000,2.160000,2.160000,312500
2016-08-02,2.240000,2.440000,2.240000,2.440000,2.440000,124800
2016-08-03,2.440000,2.480000,2.280000,2.480000,2.480000,144600
2016-08-04,2.560000,2.800000,2.520000,2.720000,2.720000,187000
2016-08-05,2.840000,2.840000,2.600000,2.720000,2.720000,18700
2016-08-08,2.640000,2.760000,2.480000,2.720000,2.720000,92300
2016-08-09,2.680000,2.760000,2.560000,2.560000,2.560000,225400
2016-08-10,2.560000,2.720000,2.400000,2.440000,2.440000,109000
2016-08-11,2.440000,2.640000,2.440000,2.520000,2.520000,97900
2016-08-12,2.520000,2.600000,2.440000,2.520000,2.520000,20000
2016-08-15,2.520000,2.600000,2.440000,2.480000,2.480000,60600
2016-08-16,2.440000,2.600000,2.440000,2.560000,2.560000,23600
2016-08-17,2.440000,2.560000,2.440000,2.520000,2.520000,43600
2016-08-18,2.440000,2.600000,2.360000,2.480000,2.480000,33000
2016-08-19,2.440000,2.440000,2.360000,2.440000,2.440000,63700
2016-08-22,2.400000,2.400000,2.120000,2.200000,2.200000,361000
2016-08-23,2.200000,2.400000,2.200000,2.280000,2.280000,29500
2016-08-24,2.320000,2.320000,2.160000,2.240000,2.240000,29100
2016-08-25,2.200000,2.320000,2.160000,2.280000,2.280000,76000
2016-08-26,2.280000,2.280000,2.200000,2.200000,2.200000,37600
2016-08-29,2.160000,2.360000,2.160000,2.360000,2.360000,52900
2016-08-30,2.280000,2.360000,2.160000,2.160000,2.160000,4700
2016-08-31,2.200000,2.240000,2.160000,2.160000,2.160000,88000
2016-09-01,2.120000,2.160000,2.120000,2.160000,2.160000,34800
2016-09-02,2.120000,2.160000,2.040000,2.040000,2.040000,93700
2016-09-06,2.120000,2.200000,2.080000,2.160000,2.160000,85300
2016-09-07,2.120000,2.200000,2.040000,2.040000,2.040000,59400
2016-09-08,2.120000,2.160000,2.000000,2.000000,2.000000,118800
2016-09-09,2.160000,2.160000,2.040000,2.040000,2.040000,8900
2016-09-12,2.040000,2.120000,2.000000,2.120000,2.120000,27300
2016-09-13,2.040000,2.160000,2.000000,2.000000,2.000000,81600
2016-09-14,2.040000,2.120000,2.040000,2.120000,2.120000,59600
2016-09-15,2.120000,2.160000,1.920000,2.120000,2.120000,183800
2016-09-16,2.120000,2.200000,2.120000,2.120000,2.120000,42900
2016-09-19,2.200000,2.200000,2.120000,2.200000,2.200000,20600
2016-09-20,2.240000,2.400000,2.240000,2.320000,2.320000,9900
2016-09-21,2.280000,2.520000,2.240000,2.360000,2.360000,40200
2016-09-22,2.400000,2.480000,2.360000,2.480000,2.480000,52900
2016-09-23,2.400000,2.440000,2.320000,2.440000,2.440000,38200
2016-09-26,2.320000,2.440000,2.320000,2.320000,2.320000,12200
2016-09-27,2.320000,2.440000,2.240000,2.240000,2.240000,62000
2016-09-28,2.240000,2.280000,2.120000,2.160000,2.160000,59200
2016-09-29,2.280000,2.280000,2.040000,2.040000,2.040000,82500
2016-09-30,2.040000,2.120000,2.040000,2.040000,2.040000,55100
2016-10-03,2.080000,2.080000,1.960000,1.960000,1.960000,142800
2016-10-04,2.080000,2.120000,2.000000,2.000000,2.000000,70000
2016-10-05,2.000000,2.080000,1.960000,2.080000,2.080000,83400
2016-10-06,2.040000,2.040000,1.960000,1.960000,1.960000,25100
2016-10-07,1.960000,2.360000,1.960000,2.360000,2.360000,45400
2016-10-10,2.280000,2.280000,2.040000,2.120000,2.120000,84300
2016-10-11,2.080000,2.280000,2.000000,2.000000,2.000000,8700
2016-10-12,2.000000,2.000000,1.920000,1.960000,1.960000,139000
2016-10-13,1.920000,1.960000,1.920000,1.920000,1.920000,62700
2016-10-14,1.920000,2.040000,1.920000,2.040000,2.040000,42400
2016-10-17,2.000000,2.000000,1.960000,1.960000,1.960000,34100
2016-10-18,1.960000,2.000000,1.960000,2.000000,2.000000,13200
2016-10-19,2.000000,2.040000,1.960000,1.960000,1.960000,16300
2016-10-20,2.000000,2.000000,1.920000,1.960000,1.960000,19000
2016-10-21,2.040000,2.040000,1.920000,1.920000,1.920000,116500
2016-10-24,2.040000,2.080000,2.000000,2.080000,2.080000,135400
2016-10-25,2.040000,2.160000,2.040000,2.120000,2.120000,56000
2016-10-26,2.160000,2.200000,2.120000,2.160000,2.160000,65900
2016-10-27,2.200000,2.200000,2.120000,2.160000,2.160000,51400
2016-10-28,2.120000,2.200000,2.000000,2.040000,2.040000,17100
2016-10-31,2.120000,2.120000,1.920000,2.000000,2.000000,22000
2016-11-01,2.280000,2.280000,1.880000,1.920000,1.920000,26200
2016-11-02,1.960000,1.960000,1.880000,1.880000,1.880000,23100
2016-11-03,1.880000,2.280000,1.800000,1.920000,1.920000,245600
2016-11-04,1.880000,2.080000,1.880000,1.920000,1.920000,53600
2016-11-07,1.880000,1.960000,1.880000,1.880000,1.880000,78100
2016-11-08,1.840000,1.920000,1.840000,1.840000,1.840000,177100
2016-11-09,1.960000,1.960000,1.800000,1.920000,1.920000,20200
2016-11-10,1.880000,1.920000,1.760000,1.840000,1.840000,160400
2016-11-11,1.840000,1.880000,1.760000,1.840000,1.840000,223900
2016-11-14,1.840000,1.880000,1.760000,1.840000,1.840000,92500
2016-11-15,1.880000,1.960000,1.840000,1.880000,1.880000,20400
2016-11-16,1.880000,1.960000,1.840000,1.880000,1.880000,111000
2016-11-17,1.920000,2.000000,1.920000,1.960000,1.960000,49000
2016-11-18,1.960000,2.080000,1.960000,2.080000,2.080000,96700
2016-11-21,2.080000,2.200000,2.000000,2.120000,2.120000,233900
2016-11-22,2.120000,2.280000,2.120000,2.200000,2.200000,123400
2016-11-23,2.200000,2.200000,2.080000,2.080000,2.080000,74900
2016-11-25,2.200000,2.200000,2.080000,2.160000,2.160000,6400
2016-11-28,2.160000,2.240000,2.080000,2.200000,2.200000,57400
2016-11-29,2.120000,2.200000,2.080000,2.120000,2.120000,49300
2016-11-30,2.160000,2.240000,2.120000,2.160000,2.160000,61000
2016-12-01,2.160000,2.240000,2.120000,2.120000,2.120000,66600
2016-12-02,2.120000,2.240000,2.120000,2.200000,2.200000,26700
2016-12-05,2.200000,2.280000,2.160000,2.200000,2.200000,41600
2016-12-06,2.200000,2.360000,2.160000,2.160000,2.160000,32400
2016-12-07,2.160000,2.400000,2.160000,2.240000,2.240000,272500
2016-12-08,2.320000,2.360000,2.240000,2.280000,2.280000,266300
2016-12-09,2.280000,2.360000,2.240000,2.240000,2.240000,113900
2016-12-12,2.280000,2.400000,2.280000,2.400000,2.400000,184200
2016-12-13,2.400000,2.400000,2.360000,2.360000,2.360000,135200
2016-12-14,2.360000,2.400000,2.240000,2.240000,2.240000,127900
2016-12-15,2.280000,2.360000,2.280000,2.360000,2.360000,42200
2016-12-16,2.320000,2.400000,2.240000,2.320000,2.320000,145700
2016-12-19,2.400000,2.400000,2.280000,2.360000,2.360000,135300
2016-12-20,2.400000,2.720000,2.320000,2.720000,2.720000,357000
2016-12-21,2.760000,2.880000,2.520000,2.680000,2.680000,243100
2016-12-22,2.760000,2.800000,2.520000,2.600000,2.600000,161500
2016-12-23,2.560000,2.600000,2.400000,2.520000,2.520000,198200
2016-12-27,2.440000,2.600000,2.400000,2.480000,2.480000,95400
2016-12-28,2.480000,2.600000,2.440000,2.520000,2.520000,103400
2016-12-29,2.560000,2.600000,2.480000,2.480000,2.480000,154100
2016-12-30,2.440000,2.840000,2.400000,2.600000,2.600000,198200
2017-01-03,2.640000,2.800000,2.520000,2.520000,2.520000,180000
2017-01-04,2.520000,2.720000,2.520000,2.600000,2.600000,44200
2017-01-05,2.680000,2.680000,2.520000,2.600000,2.600000,75500
2017-01-06,2.520000,2.680000,2.480000,2.560000,2.560000,96900
2017-01-09,2.680000,2.680000,2.360000,2.440000,2.440000,262300
2017-01-10,2.440000,2.440000,2.280000,2.400000,2.400000,133700
2017-01-11,2.400000,2.520000,2.360000,2.520000,2.520000,28200
2017-01-12,2.440000,2.640000,2.400000,2.400000,2.400000,45400
2017-01-13,2.480000,2.640000,2.400000,2.640000,2.640000,94400
2017-01-17,2.520000,2.600000,2.360000,2.440000,2.440000,140000
2017-01-18,2.520000,2.520000,2.400000,2.400000,2.400000,18800
2017-01-19,2.480000,2.480000,2.400000,2.400000,2.400000,97100
2017-01-20,2.400000,2.480000,2.400000,2.480000,2.480000,86800
2017-01-23,2.480000,2.520000,2.360000,2.480000,2.480000,38500
2017-01-24,2.400000,2.520000,2.400000,2.440000,2.440000,68900
2017-01-25,2.480000,2.560000,2.400000,2.560000,2.560000,175400
2017-01-26,2.560000,2.640000,2.520000,2.640000,2.640000,120700
2017-01-27,2.680000,2.680000,2.520000,2.600000,2.600000,84200
2017-01-30,2.520000,2.680000,2.520000,2.640000,2.640000,111500
2017-01-31,2.600000,2.640000,2.560000,2.600000,2.600000,84900
2017-02-01,2.640000,2.640000,2.520000,2.640000,2.640000,151000
2017-02-02,2.600000,2.720000,2.600000,2.720000,2.720000,271000
2017-02-03,2.680000,2.800000,2.640000,2.760000,2.760000,168100
2017-02-06,2.840000,3.360000,2.840000,3.360000,3.360000,1040900
2017-02-07,3.480000,3.680000,3.360000,3.480000,3.480000,930100
2017-02-08,3.400000,3.600000,3.000000,3.320000,3.320000,585300
2017-02-09,3.760000,3.800000,3.200000,3.200000,3.200000,779600
2017-02-10,3.200000,3.240000,2.840000,3.200000,3.200000,511300
2017-02-13,3.240000,3.240000,3.000000,3.200000,3.200000,350900
2017-02-14,3.200000,3.240000,3.040000,3.160000,3.160000,282000
2017-02-15,3.120000,3.280000,3.080000,3.200000,3.200000,118900
2017-02-16,3.120000,3.200000,3.040000,3.080000,3.080000,133700
2017-02-17,3.080000,3.160000,2.880000,3.120000,3.120000,253400
2017-02-21,3.160000,3.200000,2.960000,3.120000,3.120000,268900
2017-02-22,3.080000,3.200000,2.960000,3.080000,3.080000,110800
2017-02-23,3.120000,3.160000,2.960000,3.080000,3.080000,91100
2017-02-24,3.000000,3.000000,2.920000,3.000000,3.000000,125500
2017-02-27,3.000000,3.000000,2.880000,2.920000,2.920000,91400
2017-02-28,2.880000,3.000000,2.800000,2.840000,2.840000,107900
2017-03-01,2.920000,3.000000,2.680000,2.800000,2.800000,152100
2017-03-02,2.720000,2.800000,2.640000,2.720000,2.720000,128300
2017-03-03,2.720000,2.880000,2.640000,2.800000,2.800000,116800
2017-03-06,2.840000,2.840000,2.680000,2.760000,2.760000,74400
2017-03-07,2.720000,2.840000,2.680000,2.720000,2.720000,34500
2017-03-08,2.800000,2.800000,2.680000,2.720000,2.720000,66500
2017-03-09,2.800000,2.800000,2.680000,2.760000,2.760000,67700
2017-03-10,2.760000,2.800000,2.720000,2.720000,2.720000,53200
2017-03-13,2.720000,2.760000,2.720000,2.760000,2.760000,56100
2017-03-14,2.760000,2.760000,2.720000,2.720000,2.720000,43200
2017-03-15,2.720000,2.720000,2.600000,2.600000,2.600000,94900
2017-03-16,2.600000,2.760000,2.600000,2.720000,2.720000,128100
2017-03-17,2.680000,2.760000,2.600000,2.640000,2.640000,52400
2017-03-20,2.640000,2.720000,2.640000,2.680000,2.680000,39700
2017-03-21,2.640000,2.640000,2.520000,2.600000,2.600000,112100
2017-03-22,2.600000,2.600000,2.320000,2.440000,2.440000,307200
2017-03-23,2.360000,2.560000,2.360000,2.400000,2.400000,164700
2017-03-24,2.440000,2.480000,2.360000,2.440000,2.440000,95900
2017-03-27,2.400000,2.480000,2.320000,2.360000,2.360000,179300
2017-03-28,2.440000,2.480000,2.360000,2.400000,2.400000,132600
2017-03-29,2.400000,2.480000,2.320000,2.400000,2.400000,119000
2017-03-30,2.400000,2.800000,2.400000,2.760000,2.760000,227600
2017-03-31,2.800000,2.880000,2.680000,2.800000,2.800000,55700
2017-04-03,2.880000,2.880000,2.760000,2.760000,2.760000,120100
2017-04-04,2.720000,2.880000,2.600000,2.600000,2.600000,101600
2017-04-05,2.640000,2.840000,2.480000,2.520000,2.520000,60100
2017-04-06,2.480000,2.720000,2.440000,2.640000,2.640000,140900
2017-04-07,2.680000,2.680000,2.440000,2.440000,2.440000,389900
2017-04-10,2.560000,2.760000,2.440000,2.720000,2.720000,112100
2017-04-11,2.720000,2.800000,2.600000,2.600000,2.600000,94300
2017-04-12,2.680000,2.760000,2.640000,2.680000,2.680000,169900
2017-04-13,2.680000,2.760000,2.680000,2.760000,2.760000,22400
2017-04-17,2.680000,2.760000,2.560000,2.600000,2.600000,30500
2017-04-18,2.560000,2.600000,2.480000,2.480000,2.480000,105800
2017-04-19,2.600000,2.680000,2.520000,2.560000,2.560000,54900
2017-04-20,2.560000,2.720000,2.560000,2.600000,2.600000,131500
2017-04-21,2.600000,2.720000,2.520000,2.560000,2.560000,45800
2017-04-24,2.680000,2.680000,2.520000,2.520000,2.520000,23300
2017-04-25,2.560000,2.680000,2.520000,2.600000,2.600000,70100
2017-04-26,2.560000,2.760000,2.560000,2.640000,2.640000,220900
2017-04-27,2.640000,2.640000,2.560000,2.560000,2.560000,49800
2017-04-28,2.600000,2.720000,2.560000,2.680000,2.680000,16500
2017-05-01,2.680000,2.680000,2.600000,2.640000,2.640000,9500
2017-05-02,2.680000,2.960000,2.600000,2.640000,2.640000,65100
2017-05-03,2.640000,2.840000,2.640000,2.720000,2.720000,63200
2017-05-04,2.800000,2.920000,2.680000,2.840000,2.840000,95700
2017-05-05,2.960000,3.000000,2.720000,2.840000,2.840000,105600
2017-05-08,2.640000,2.840000,2.640000,2.720000,2.720000,43200
2017-05-09,2.680000,2.840000,2.640000,2.720000,2.720000,25700
2017-05-10,2.760000,2.840000,2.640000,2.640000,2.640000,89300
2017-05-11,2.680000,2.800000,2.680000,2.720000,2.720000,14500
2017-05-12,2.680000,2.760000,2.560000,2.560000,2.560000,76600
2017-05-15,2.760000,2.760000,2.480000,2.520000,2.520000,40800
2017-05-16,2.640000,2.680000,2.480000,2.480000,2.480000,44800
2017-05-17,2.520000,2.720000,2.520000,2.560000,2.560000,122100
2017-05-18,2.600000,2.640000,2.560000,2.600000,2.600000,92200
2017-05-19,2.640000,2.720000,2.600000,2.640000,2.640000,93000
2017-05-22,2.640000,2.800000,2.520000,2.680000,2.680000,123700
2017-05-23,2.720000,2.720000,2.520000,2.640000,2.640000,129700
2017-05-24,2.840000,2.920000,2.480000,2.600000,2.600000,994400
2017-05-25,2.680000,2.760000,2.640000,2.760000,2.760000,194000
2017-05-26,2.760000,2.880000,2.680000,2.880000,2.880000,221800
2017-05-30,2.960000,3.400000,2.880000,3.280000,3.280000,721400
2017-05-31,3.200000,3.240000,2.880000,2.960000,2.960000,193000
2017-06-01,2.920000,3.040000,2.880000,2.920000,2.920000,162700
2017-06-02,2.880000,3.000000,2.880000,2.960000,2.960000,98700
2017-06-05,2.920000,3.080000,2.920000,3.080000,3.080000,106900
2017-06-06,2.960000,3.120000,2.960000,3.000000,3.000000,136400
2017-06-07,3.160000,3.200000,2.760000,2.920000,2.920000,720500
2017-06-08,2.610000,3.140000,2.610000,2.930000,2.930000,34300
2017-06-09,2.910000,3.030000,2.860000,3.000000,3.000000,55300
2017-06-12,3.000000,3.120000,2.920000,2.940000,2.940000,28800
2017-06-13,3.070000,3.070000,2.970000,2.970000,2.970000,43100
2017-06-14,2.990000,3.000000,2.820000,2.820000,2.820000,62500
2017-06-15,2.810000,2.910000,2.660000,2.660000,2.660000,52000
2017-06-16,2.670000,2.980000,2.670000,2.760000,2.760000,171900
2017-06-19,2.730000,2.960000,2.730000,2.750000,2.750000,98600
2017-06-20,2.730000,2.940000,2.700000,2.820000,2.820000,30400
2017-06-21,2.850000,2.920000,2.730000,2.890000,2.890000,83700
2017-06-22,2.880000,3.040000,2.850000,2.990000,2.990000,84100
2017-06-23,2.980000,3.300000,2.840000,2.970000,2.970000,335100
2017-06-26,2.980000,3.270000,2.980000,3.110000,3.110000,48900
2017-06-27,3.120000,3.220000,3.080000,3.080000,3.080000,35400
2017-06-28,3.040000,3.240000,3.000000,3.040000,3.040000,27900
2017-06-29,3.080000,3.190000,3.000000,3.010000,3.010000,23500
2017-06-30,3.010000,3.240000,3.010000,3.130000,3.130000,82200
2017-07-03,3.140000,3.220000,3.030000,3.170000,3.170000,12100
2017-07-05,3.150000,3.200000,3.030000,3.070000,3.070000,80000
2017-07-06,3.070000,3.180000,3.030000,3.030000,3.030000,61200
2017-07-07,3.060000,3.080000,2.900000,3.050000,3.050000,42300
2017-07-10,3.020000,3.090000,2.960000,3.050000,3.050000,36300
2017-07-11,3.060000,3.110000,2.850000,2.960000,2.960000,96800
2017-07-12,2.980000,3.100000,2.950000,3.070000,3.070000,77200
2017-07-13,3.050000,3.190000,3.020000,3.080000,3.080000,34800
2017-07-14,3.100000,3.190000,3.040000,3.070000,3.070000,32700
2017-07-17,3.080000,3.160000,2.950000,3.060000,3.060000,24200
2017-07-18,3.100000,3.140000,2.980000,3.020000,3.020000,22300
2017-07-19,3.020000,3.040000,2.960000,3.020000,3.020000,38800
2017-07-20,2.980000,3.190000,2.970000,3.030000,3.030000,45800
2017-07-21,3.040000,3.220000,3.040000,3.180000,3.180000,61500
2017-07-24,3.190000,3.570000,3.190000,3.560000,3.560000,160200
2017-07-25,3.590000,3.740000,3.520000,3.520000,3.520000,90400
2017-07-26,3.540000,3.690000,3.410000,3.520000,3.520000,36800
2017-07-27,3.510000,3.620000,3.400000,3.490000,3.490000,13300
2017-07-28,3.490000,3.540000,3.390000,3.450000,3.450000,12100
2017-07-31,3.490000,3.490000,3.320000,3.490000,3.490000,8700
2017-08-01,3.450000,3.470000,3.400000,3.430000,3.430000,14200
2017-08-02,3.450000,3.520000,3.410000,3.510000,3.510000,18500
2017-08-03,3.500000,3.500000,3.360000,3.450000,3.450000,15400
2017-08-04,3.470000,3.480000,3.330000,3.390000,3.390000,14900
2017-08-07,3.400000,3.400000,3.260000,3.290000,3.290000,37100
2017-08-08,3.300000,3.400000,3.300000,3.330000,3.330000,51900
2017-08-09,3.330000,3.400000,3.300000,3.310000,3.310000,50400
2017-08-10,3.200000,3.200000,3.010000,3.060000,3.060000,49000
2017-08-11,3.060000,3.100000,3.010000,3.020000,3.020000,31300
2017-08-14,3.030000,3.190000,3.020000,3.100000,3.100000,73000
2017-08-15,3.090000,3.200000,3.090000,3.100000,3.100000,20300
2017-08-16,3.100000,3.140000,3.000000,3.100000,3.100000,29700
2017-08-17,3.100000,3.170000,3.070000,3.160000,3.160000,5700
2017-08-18,3.160000,3.200000,3.080000,3.200000,3.200000,8900
2017-08-21,3.170000,3.220000,3.030000,3.040000,3.040000,26700
2017-08-22,3.040000,3.100000,3.040000,3.080000,3.080000,6400
2017-08-23,3.120000,3.130000,3.040000,3.080000,3.080000,6300
2017-08-24,3.060000,3.090000,2.970000,3.080000,3.080000,44000
2017-08-25,3.050000,3.070000,3.000000,3.040000,3.040000,89100
2017-08-28,3.050000,3.050000,2.960000,2.970000,2.970000,68000
2017-08-29,2.980000,2.980000,2.910000,2.960000,2.960000,14000
2017-08-30,2.960000,3.050000,2.880000,2.960000,2.960000,32100
2017-08-31,2.940000,3.040000,2.860000,2.870000,2.870000,40000
2017-09-01,2.890000,3.000000,2.850000,2.870000,2.870000,8100
2017-09-05,2.930000,2.930000,2.850000,2.860000,2.860000,33900
2017-09-06,2.900000,2.900000,2.800000,2.810000,2.810000,26000
2017-09-07,2.810000,2.920000,2.800000,2.810000,2.810000,26100
2017-09-08,2.790000,2.820000,2.750000,2.820000,2.820000,17100
2017-09-11,2.820000,2.930000,2.820000,2.850000,2.850000,36000
2017-09-12,2.850000,3.050000,2.850000,2.980000,2.980000,19600
2017-09-13,3.040000,3.050000,2.990000,3.010000,3.010000,30400
2017-09-14,3.010000,3.130000,3.010000,3.060000,3.060000,15300
2017-09-15,2.990000,3.090000,2.800000,2.800000,2.800000,50900
2017-09-18,2.810000,3.010000,2.810000,2.940000,2.940000,49600
2017-09-19,2.900000,2.950000,2.840000,2.840000,2.840000,23700
2017-09-20,2.830000,3.030000,2.830000,2.880000,2.880000,11900
2017-09-21,2.930000,2.930000,2.880000,2.920000,2.920000,32600
2017-09-22,2.920000,3.060000,2.920000,2.980000,2.980000,34100
2017-09-25,3.030000,3.030000,2.870000,2.970000,2.970000,29600
2017-09-26,2.930000,3.050000,2.920000,2.950000,2.950000,28900
2017-09-27,3.010000,3.010000,2.900000,2.960000,2.960000,62200
2017-09-28,2.920000,2.970000,2.860000,2.970000,2.970000,17200
2017-09-29,2.900000,3.020000,2.900000,2.970000,2.970000,23300
2017-10-02,2.990000,2.990000,2.930000,2.970000,2.970000,18300
2017-10-03,2.950000,2.950000,2.850000,2.860000,2.860000,22700
2017-10-04,2.880000,2.950000,2.860000,2.860000,2.860000,15700
2017-10-05,2.860000,2.950000,2.850000,2.890000,2.890000,22500
2017-10-06,2.830000,2.890000,2.760000,2.850000,2.850000,63200
2017-10-09,2.890000,2.890000,2.760000,2.830000,2.830000,14500
2017-10-10,2.880000,2.920000,2.870000,2.900000,2.900000,15400
2017-10-11,2.900000,2.900000,2.870000,2.880000,2.880000,26500
2017-10-12,2.850000,2.950000,2.850000,2.940000,2.940000,4700
2017-10-13,2.900000,2.900000,2.770000,2.810000,2.810000,12200
2017-10-16,2.870000,2.870000,2.730000,2.800000,2.800000,29900
2017-10-17,2.780000,2.860000,2.780000,2.790000,2.790000,7700
2017-10-18,2.790000,2.870000,2.790000,2.810000,2.810000,16500
2017-10-19,2.800000,2.880000,2.760000,2.800000,2.800000,14500
2017-10-20,2.830000,2.870000,2.780000,2.780000,2.780000,15100
2017-10-23,2.760000,2.860000,2.760000,2.800000,2.800000,17200
2017-10-24,2.810000,2.840000,2.780000,2.800000,2.800000,7200
2017-10-25,2.760000,2.810000,2.760000,2.800000,2.800000,12600
2017-10-26,2.770000,2.810000,2.770000,2.800000,2.800000,3500
2017-10-27,2.800000,2.950000,2.750000,2.910000,2.910000,21000
2017-10-30,2.930000,2.950000,2.760000,2.870000,2.870000,29200
2017-10-31,2.840000,2.940000,2.800000,2.900000,2.900000,40100
2017-11-01,2.930000,2.930000,2.780000,2.830000,2.830000,48900
2017-11-02,3.100000,3.700000,3.050000,3.370000,3.370000,262100
2017-11-03,3.400000,3.630000,3.400000,3.510000,3.510000,68000
2017-11-06,3.580000,3.610000,3.460000,3.570000,3.570000,84700
2017-11-07,3.600000,3.630000,3.160000,3.260000,3.260000,77400
2017-11-08,3.290000,3.550000,3.260000,3.480000,3.480000,23500
2017-11-09,3.450000,3.460000,3.330000,3.430000,3.430000,23000
2017-11-10,3.500000,3.510000,3.450000,3.450000,3.450000,20800
2017-11-13,3.450000,3.650000,3.420000,3.610000,3.610000,68700
2017-11-14,3.570000,3.840000,3.570000,3.760000,3.760000,82100
2017-11-15,3.750000,3.780000,3.600000,3.710000,3.710000,142500
2017-11-16,3.730000,4.030000,3.730000,3.890000,3.890000,186800
2017-11-17,3.920000,3.990000,3.710000,3.950000,3.950000,22200
2017-11-20,4.010000,4.240000,4.000000,4.070000,4.070000,262100
2017-11-21,4.190000,4.250000,4.140000,4.180000,4.180000,144600
2017-11-22,4.180000,4.340000,4.110000,4.220000,4.220000,97900
2017-11-24,4.270000,4.390000,4.220000,4.300000,4.300000,91200
2017-11-27,4.380000,4.600000,4.340000,4.510000,4.510000,234900
2017-11-28,4.400000,4.500000,3.820000,4.140000,4.140000,371300
2017-11-29,4.150000,4.160000,3.960000,4.070000,4.070000,69300
2017-11-30,4.080000,4.280000,4.030000,4.080000,4.080000,92300
2017-12-01,4.090000,4.230000,4.020000,4.180000,4.180000,109900
2017-12-04,4.260000,4.330000,4.050000,4.120000,4.120000,133200
2017-12-05,4.140000,4.160000,4.100000,4.160000,4.160000,70900
2017-12-06,4.120000,4.140000,4.030000,4.050000,4.050000,65100
2017-12-07,4.080000,4.090000,3.920000,3.950000,3.950000,61100
2017-12-08,3.920000,4.030000,3.920000,4.030000,4.030000,41300
2017-12-11,4.000000,4.120000,3.930000,4.000000,4.000000,105800
2017-12-12,3.980000,4.080000,3.870000,3.940000,3.940000,65100
2017-12-13,3.930000,4.000000,3.860000,3.990000,3.990000,37800
2017-12-14,3.980000,4.040000,3.860000,3.960000,3.960000,58800
2017-12-15,3.930000,3.990000,3.900000,3.910000,3.910000,47000
2017-12-18,3.800000,3.950000,3.780000,3.890000,3.890000,88500
2017-12-19,3.880000,3.990000,3.880000,3.980000,3.980000,35300
2017-12-20,3.970000,4.080000,3.960000,3.980000,3.980000,18200
2017-12-21,3.950000,4.030000,3.840000,3.870000,3.870000,130300
2017-12-22,3.900000,4.000000,3.860000,3.950000,3.950000,69100
2017-12-26,3.950000,3.960000,3.720000,3.820000,3.820000,70000
2017-12-27,3.770000,3.890000,3.640000,3.720000,3.720000,118100
2017-12-28,3.710000,3.900000,3.710000,3.860000,3.860000,67300
2017-12-29,3.870000,3.870000,3.730000,3.750000,3.750000,61300
2018-01-02,3.750000,3.850000,3.730000,3.800000,3.800000,67200
2018-01-03,3.830000,3.990000,3.820000,3.930000,3.930000,73900
2018-01-04,3.950000,4.150000,3.950000,4.100000,4.100000,84600
2018-01-05,4.100000,4.100000,3.910000,3.920000,3.920000,47600
2018-01-08,4.000000,4.000000,3.800000,3.870000,3.870000,78600
2018-01-09,3.880000,3.930000,3.740000,3.860000,3.860000,38700
2018-01-10,3.800000,3.800000,3.710000,3.720000,3.720000,31300
2018-01-11,3.710000,3.800000,3.610000,3.770000,3.770000,38700
2018-01-12,3.740000,3.800000,3.700000,3.750000,3.750000,37500
2018-01-16,3.730000,3.740000,3.370000,3.500000,3.500000,139100
2018-01-17,3.500000,3.600000,3.470000,3.540000,3.540000,30600
2018-01-18,3.550000,3.640000,3.450000,3.540000,3.540000,58200
2018-01-19,3.500000,3.580000,3.450000,3.500000,3.500000,138900
2018-01-22,3.510000,3.510000,3.370000,3.500000,3.500000,67400
2018-01-23,3.460000,3.510000,3.410000,3.510000,3.510000,19100
2018-01-24,3.480000,3.510000,3.400000,3.430000,3.430000,23200
2018-01-25,3.460000,3.460000,3.400000,3.410000,3.410000,13400
2018-01-26,3.400000,3.460000,3.400000,3.450000,3.450000,42300
2018-01-29,3.400000,3.440000,3.370000,3.400000,3.400000,49800
2018-01-30,3.380000,3.410000,3.180000,3.390000,3.390000,31000
2018-01-31,3.320000,3.380000,3.210000,3.250000,3.250000,24400
2018-02-01,3.200000,3.370000,3.200000,3.280000,3.280000,19900
2018-02-02,3.250000,3.280000,3.180000,3.210000,3.210000,17200
2018-02-05,3.160000,3.210000,3.050000,3.070000,3.070000,25800
2018-02-06,3.010000,3.210000,3.000000,3.000000,3.000000,129500
2018-02-07,3.010000,3.200000,3.010000,3.100000,3.100000,33400
2018-02-08,3.170000,3.390000,3.080000,3.220000,3.220000,158000
2018-02-09,3.250000,3.330000,3.160000,3.260000,3.260000,69500
2018-02-12,3.260000,3.320000,3.100000,3.150000,3.150000,38000
2018-02-13,3.140000,3.290000,3.080000,3.160000,3.160000,72600
2018-02-14,3.190000,3.280000,3.140000,3.210000,3.210000,33700
2018-02-15,3.250000,3.290000,3.200000,3.210000,3.210000,25500
2018-02-16,3.200000,3.300000,3.140000,3.160000,3.160000,28300
2018-02-20,3.160000,3.250000,3.160000,3.190000,3.190000,36000
2018-02-21,3.180000,3.250000,3.120000,3.150000,3.150000,36500
2018-02-22,3.150000,3.200000,3.130000,3.170000,3.170000,14300
2018-02-23,3.170000,3.170000,3.070000,3.100000,3.100000,15300
2018-02-26,3.070000,3.160000,3.070000,3.140000,3.140000,16500
2018-02-27,3.070000,3.190000,3.070000,3.150000,3.150000,33100
2018-02-28,3.060000,3.260000,3.000000,3.240000,3.240000,61200
2018-03-01,3.220000,3.310000,3.170000,3.170000,3.170000,85900
2018-03-02,3.140000,3.350000,3.110000,3.330000,3.330000,39000
2018-03-05,3.350000,3.350000,3.130000,3.280000,3.280000,22600
2018-03-06,3.330000,3.350000,3.250000,3.290000,3.290000,47700
2018-03-07,3.300000,3.520000,3.050000,3.300000,3.300000,158400
2018-03-08,3.350000,3.450000,3.300000,3.370000,3.370000,53200
2018-03-09,3.430000,3.530000,3.350000,3.530000,3.530000,55100
2018-03-12,3.600000,3.630000,3.450000,3.490000,3.490000,98900
2018-03-13,3.600000,3.630000,3.450000,3.500000,3.500000,71200
2018-03-14,3.550000,3.550000,3.460000,3.490000,3.490000,45000
2018-03-15,3.520000,3.570000,3.450000,3.530000,3.530000,45200
2018-03-16,3.560000,3.580000,3.490000,3.580000,3.580000,33600
2018-03-19,3.590000,3.590000,3.470000,3.540000,3.540000,24800
2018-03-20,3.570000,3.570000,3.460000,3.500000,3.500000,24700
2018-03-21,3.510000,3.520000,3.440000,3.460000,3.460000,78800
2018-03-22,3.470000,3.470000,3.420000,3.450000,3.450000,43400
2018-03-23,3.470000,3.490000,3.410000,3.470000,3.470000,42100
2018-03-26,3.530000,3.530000,3.350000,3.440000,3.440000,66400
2018-03-27,3.430000,3.440000,3.280000,3.290000,3.290000,155800
2018-03-28,3.300000,3.380000,3.250000,3.330000,3.330000,48100
2018-03-29,3.350000,3.360000,3.200000,3.350000,3.350000,36800
2018-04-02,3.300000,3.400000,3.200000,3.220000,3.220000,36000
2018-04-03,3.240000,3.340000,3.220000,3.230000,3.230000,26600
2018-04-04,3.230000,3.270000,3.200000,3.250000,3.250000,12100
2018-04-05,3.240000,3.250000,3.150000,3.170000,3.170000,81300
2018-04-06,3.190000,3.330000,3.150000,3.260000,3.260000,140300
2018-04-09,3.320000,3.340000,3.200000,3.260000,3.260000,95700
2018-04-10,3.320000,3.320000,3.200000,3.260000,3.260000,51700
2018-04-11,3.270000,3.270000,3.180000,3.210000,3.210000,67200
2018-04-12,3.240000,3.350000,3.200000,3.340000,3.340000,51000
2018-04-13,3.330000,3.340000,3.180000,3.320000,3.320000,121000
2018-04-16,3.350000,3.440000,3.230000,3.330000,3.330000,52200
2018-04-17,3.350000,3.350000,3.200000,3.230000,3.230000,41300
2018-04-18,3.220000,3.350000,3.220000,3.280000,3.280000,68200
2018-04-19,3.290000,3.300000,3.200000,3.230000,3.230000,38600
2018-04-20,3.240000,3.240000,3.110000,3.140000,3.140000,113700
2018-04-23,3.110000,3.230000,3.070000,3.190000,3.190000,45200
2018-04-24,3.230000,3.250000,3.100000,3.170000,3.170000,50000
